"","X","Linf","K","t_anchor","C","ts","phiL"
"1",1,67.8901400314507,0.141174393379722,0.533580559736489,0.434797842930695,0.351912085989599,2.81336933918646
"2",2,93.8472793400288,0.1180709451437,0.411376401782036,0.20121830701828,0.501514106988907,3.01698641336128
"3",3,59.0396460592747,0.232578068971634,0.615861728787422,0.621900364756584,0.820808485150337,2.90885625086022
"4",4,62.5159361064434,0.203360736370087,0.475912436842918,0.351832777261734,0.596345335245132,2.90024858307175
"5",5,81.4127305664551,0.0603047458867865,0.609242500722201,0.592228247517485,0.489039613270977,2.6017361340358
"6",6,66.5039706200667,0.177875719724123,0.216515783989636,0.416257702204133,0.69540129598269,2.89581182161151
"7",7,67.223745654905,0.147335506607987,0.663619924724125,0.474019723095809,0.485348431515557,2.82335283546195
"8",8,78.6397364288568,0.154627084732056,0.367610916495323,0.576023533940315,0.4154212474823,2.98056966644038
"9",9,88.7796697169542,0.0656908452510834,0.699105322360992,0.207394286990166,0.788123279809952,2.71413190002886
"10",10,76.9516742229462,0.138905540108681,0.164459228515625,0.27372233569622,0.501017555594444,2.91515571375006
"11",11,70.6515985876322,0.101911872625351,0.443643480539322,0.322902962565422,0.628114819526672,2.70646876738885
"12",12,70.5567967015105,0.174696841023983,0.419388120036051,0.487190022733414,0.4848793241502,2.93936276283176
"13",13,77.9709365218878,0.0824748277664185,0.203940093517303,0.409485310316086,0.373783588409424,2.70018691854432
"14",14,68.2035628557205,0.173689171671867,0.280149459838867,0.317038834095001,0.740411087870598,2.9073868683423
"15",15,64.8049574047327,0.193721428513527,0.443129003047943,0.343867629766464,0.554882258176804,2.91039412189958
"16",16,63.428140565753,0.209662929177284,0.480680793523788,0.598125040531158,0.372535794973373,2.92608560894056
"17",17,69.8245331003663,0.134725360604927,0.541071858857801,0.572852188236187,0.329098220731376,2.81746543542191
"18",18,74.2703072577715,0.150221660733223,0.228822067379951,0.807856723666191,0.367271155118942,2.91836300009978
"19",19,85.1207333803177,0.10906682908535,0.626155540347099,0.868576213717461,0.326749175786972,2.89776340051038
"20",20,78.867998868227,0.14370159804821,0.320392429828644,0.593202993273735,0.40265765786171,2.95126324084622
"21",21,94.4486848836834,0.0462102190859813,0.313026750298065,0.892938029670657,0.672693118088662,2.61512985779425
"22",22,65.0111521035433,0.158158108592033,0.572216525673866,0.28770849108696,0.363073229789734,2.82506718764935
"23",23,62.4124635777447,0.219525725206758,0.558039372750369,0.372987926246795,0.388758557730273,2.9320280717677
"24",24,65.1165288449242,0.191643517228261,0.340869182891496,0.529070257110449,0.337641407221397,2.90987661613495
"25",25,71.7999269962311,0.146727114915848,0.898388341069221,0.316425070166588,0.685778573155403,2.87875838345817
"26",26,61.995014493797,0.195639594075009,0.353352346266551,0.526720440151575,0.468788966209667,2.87617028479141
"27",27,76.552964553237,0.111567586660385,0.55952824652195,0.709113627672195,0.647104904055595,2.81546206615175
"28",28,68.5738468170166,0.185876816511154,0.352171003818512,0.608973115682602,0.362861484289169,2.94154225167531
"29",29,83.0714193888822,0.128051533403402,0.157431745987129,0.693546281018982,0.344758792961542,2.94628804555387
"30",30,59.5737706422806,0.208531424403191,0.363453567028046,0.581788644194603,0.612115547060966,2.86928168786537
"31",31,68.1553634703159,0.168252989649773,0.201520562171936,0.238835364580154,0.634248211979866,2.89296286628166
"32",32,79.9638972580433,0.147497668862343,0.584743142127991,0.478272169828415,0.647593110799789,2.97457306149924
"33",33,60.5367485368327,0.194017086366256,0.21848842023256,0.710243910831833,0.639453675652303,2.85187816040812
"34",34,69.0693038215489,0.105524108246231,0.649029266714982,0.529056488198925,0.420840270183285,2.70192184792902
"35",35,69.3551384955645,0.16560785472393,0.264159962534904,0.471296787261963,0.440812692046165,2.90123821800146
"36",36,76.1794027835131,0.131923958659172,0.823301047086716,0.359648957848549,0.609580934047699,2.88399880204377
"37",37,68.5684208134262,0.175587382145563,0.447721936927335,0.436453945224491,0.584073575642618,2.91674159878076
"38",38,75.1481832563877,0.100468769669533,0.0955463647842407,0.5423284471035,0.775100976228714,2.75386805550758
"39",39,69.6994541148555,0.177497364669116,0.622063210387026,0.990319839445874,0.813875900309103,2.9356506628476
"40",40,72.6019908502304,0.161496069314261,0.372705554471686,0.46420341230928,0.883283009306197,2.93005901608994
"41",41,71.8244451835477,0.102302131858933,0.688228004941287,0.592520768950644,0.371371640334797,2.72242924384001
"42",42,68.7360845356951,0.141066358186433,0.700059105560574,0.560454748799556,0.474335691657921,2.82379303354215
"43",43,78.7549201697111,0.0738310813903809,0.783392578363419,0.894380643963814,0.32225489616394,2.66079462073057
"44",44,71.150800511241,0.177173689007759,0.594248592853546,0.346881553530693,0.634876117110252,2.95275880920608
"45",45,71.4337224776476,0.161692335680027,0.36363689794368,0.483199844945097,0.636877655236901,2.91649599896487
"46",46,56.2766266654776,0.283245157051877,0.631201756044922,0.399297504281958,0.539243771864639,2.95281860710868
"47",47,97.5086578359285,0.106069685326236,0.208586824360774,0.610291998978638,0.0921722077352762,3.00367763765627
"48",48,74.6561907976866,0.139542117714882,0.804280519485474,0.328392744064331,0.476084426045418,2.89083696368967
"49",49,55.5267414748669,0.342568218708038,0.457320168614388,0.145043537020683,0.49787962436676,3.02375144569174
"50",50,72.9941194616221,0.0706792432566464,0.856091120096002,0.459037381792288,0.428351975247033,2.57586763894763
"51",51,78.6284582017572,0.144691688265285,0.31206914443141,0.843035249112934,0.779095338826686,2.95160310366605
"52",52,83.7151693973976,0.145688110799846,0.678290501809665,0.250421562563284,0.781992148667561,3.00903243238902
"53",53,67.0854878276587,0.180699333548546,0.394364476203918,0.300394251942635,0.324557289481163,2.91021371519937
"54",54,70.5063813924789,0.161801993846893,0.27656289935112,0.267882034182549,0.578579381108284,2.90544072081703
"55",55,66.8527409732342,0.175344049930573,0.219417929649353,0.582428961992264,0.765148416161537,2.89412946947085
"56",56,64.0846277177334,0.231087580323219,0.69108934700489,0.475869968533516,0.487784326076508,2.97728433667127
"57",57,74.3918567110725,0.151461862513526,0.328324489838455,0.466058604943239,0.546433150050328,2.92335408939074
"58",58,60.251736303402,0.231452677255562,0.504317109969185,0.582512449784179,0.318599918085811,2.92440134211419
"59",59,85.904329508543,0.120986595749855,0.175676465034485,0.0101402848958969,0.365687280893326,2.95076736191986
"60",60,84.8105327636003,0.0710267871618271,0.787969991564751,0.34919185936451,0.749535158276558,2.70832175290924
"61",61,66.2321708202362,0.187459886074066,0.483349099755287,0.384345307946205,0.648369833827019,2.91504632811583
"62",62,82.4296087315558,0.11929423948133,0.708758062773898,0.871626439765587,0.461179775706504,2.90878594959265
"63",63,84.2328408509493,0.120093166828156,0.784997329115868,0.647613644599915,0.41577060520649,2.93048119327211
"64",64,59.5650112012946,0.244513005217928,0.655558905308517,0.458686534315348,0.220591024728492,2.93828441901448
"65",65,94.1678923869406,0.0956535832780905,0.67381840638508,0.546604761155322,0.555845192465006,2.92850694455498
"66",66,70.08675968647,0.154559880495071,0.932167261838913,0.42928858101368,0.416058376431465,2.88036873679358
"67",67,62.4491204619408,0.214246481657028,0.428966745734215,0.525684386491776,0.42060960829258,2.92196635093052
"68",68,77.9373508155275,0.0605932429381379,0.430053238422188,0.676093360772337,0.273629258218453,2.56591547550114
"69",69,73.9084898680449,0.0892575234174728,0.018931970000267,0.494544610381126,0.729805335402489,2.68803348985913
"70",70,61.7433409348767,0.223698343468887,0.594222937441361,0.641966048609946,0.65278685730545,2.93084301902133
"71",71,72.2788694947958,0.124285250902176,0.463885858654976,0.560376837849617,0.424160346388817,2.81244229577671
"72",72,54.5365627592383,0.268729042679676,0.608954154633521,0.513048301799494,0.505078174631694,2.90269012994376
"73",73,58.2964111417532,0.166880145668983,0.56523010134697,0.568279206752777,0.55762854218483,2.75368830904928
"74",74,73.1394018787665,0.110954122507855,0.518012848764305,0.379168478404878,0.334578983818394,2.77344625197288
"75",75,73.2568413695705,0.132585619207849,0.566230092010282,0.674680088981599,0.624822013423757,2.85219279955666
"76",76,79.5333888083696,0.0613251179456711,0.414882943034172,0.633289977908134,0.305787101387978,2.588737367227
"77",77,71.105700692742,0.18938147521194,0.803300218373919,0.755008581027226,0.758813839204196,2.98114633606823
"78",78,77.4268784821033,0.158502787351608,0.394768804311752,0.783170074224472,0.351875424385071,2.97782040537987
"79",79,69.6525476574898,0.175918534398079,0.359206795692444,0.451936721801758,0.665740340948105,2.93118561038313
"80",80,73.892123489799,0.12214991517719,0.590208501107699,0.458349597434578,0.517782622953262,2.82408946445538
"81",81,73.6507447979878,0.130975368094303,0.605229876939524,0.681156259394759,0.378232102047946,2.85154391373124
"82",82,71.2941195424955,0.159599197932538,0.308012251007859,0.339344544015106,0.343752149664624,2.9091381244651
"83",83,72.5004579781619,0.176527512454675,0.45066537637428,0.564529600236863,0.354553258804159,2.96749390132225
"84",84,64.9856600189356,0.154523049175317,0.613494680855599,0.534957653085634,0.41843908693466,2.81462833772138
"85",85,64.9727618098259,0.10883155465126,0.205851346254349,0.803413465619087,0.695750430226326,2.66221748867879
"86",86,65.922361344099,0.185440987348557,0.297995343804359,0.504896149039268,0.796784222126007,2.9062712418112
"87",87,82.3222640007734,0.132237643003464,0.217113137245178,0.788164287805557,0.295391097664833,2.95238971128642
"88",88,60.1637813597918,0.212842911481857,0.439364284276962,0.548813670873642,0.531352147459984,2.88672943966899
"89",89,72.4690241962671,0.0867699235677719,0.481020703911781,0.933733209967613,0.321716800332069,2.65867404196413
"90",90,52.9080113470554,0.266043916344643,0.594794303178787,0.671474561095238,0.615667715668678,2.87199620834695
"91",91,58.6048058406972,0.205429330954076,0.328524125673934,0.343781759559915,0.530393069162401,2.84852891464192
"92",92,78.6489976942539,0.123599246144295,0.670062482357025,0.413588255643845,0.460674703121185,2.88340220657399
"93",93,59.4663730391935,0.214268545331431,0.412201185806774,0.577867467166289,0.523312480462078,2.87950132301199
"94",94,86.6527784317732,0.129544734954834,0.549582228064537,0.917564198374748,0.870882734656334,2.98798475174271
"95",95,85.7402178794146,0.109809070825577,0.584783762693405,0.382705062627792,0.340540662407875,2.90700738225213
"96",96,92.0628557950258,0.0967099070549011,0.38930656015873,0.615277528762817,0.163214668631554,2.91363985111481
"97",97,61.8717358410358,0.228521853685379,0.756309077143669,0.554041966795921,0.741712123155594,2.94191233929937
"98",98,53.5011459189249,0.300608074489891,0.690965036294034,0.464254085006551,0.39007173153674,2.93472680997378
"99",99,78.7457444684182,0.144612239391468,0.406623460577758,0.473075370054673,0.563598013883978,2.95265923784527
"100",100,89.8192296117417,0.102731980822981,0.676212567767607,0.283066892506327,0.637843212811276,2.91844431354167
"101",101,58.4440877437592,0.227194428443909,0.47010637819767,0.474548920989037,0.449938699603081,2.88987884504024
"102",102,66.1682954579592,0.186626672744751,0.44056524336338,0.341345876455307,0.714004784822464,2.91227360746497
"103",103,59.0056372135878,0.252926155924797,0.5559341609478,0.506401717662811,0.440701514482498,2.94478075300101
"104",104,94.8013249188662,0.0758787542581558,0.0609950572252274,0.409397765994072,0.53735876083374,2.83374900616808
"105",105,72.0736326426268,0.15366904437542,0.275487840175629,0.589049801230431,0.386665642261505,2.90213921421675
"106",106,79.3078230470419,0.117659375071526,0.561418160796165,0.427310064435005,0.464956492185593,2.8692585952015
"107",107,85.5124917046766,0.102857254345886,0.50222561814005,0.607707954921129,0.642991346674082,2.87629404976238
"108",108,69.7409211045044,0.134964682950335,0.617656402614735,0.460838827308795,0.504442369014717,2.81719549687839
"109",109,66.4664885705082,0.192773087167064,0.570666521554813,0.544666979858652,0.867210913026321,2.9302518735781
"110",110,81.3022204660697,0.116421707875554,0.810597906560505,0.480112179563003,0.363895959112193,2.88623877975135
"111",111,67.4828031506749,0.172892181892644,0.162060770998146,0.252166357685953,0.00362395937554538,2.89616158379062
"112",112,69.5554475520834,0.183666623398527,0.70122407871427,0.733057493355679,0.880723369868441,2.94869254064727
"113",113,84.5144278136099,0.13298371586362,0.354659031342881,0.186635616065584,0.390692372230828,2.97766017498256
"114",114,73.7376478404563,0.0858331318703938,0.572782043475481,0.482473807098652,0.51766688445867,2.66903351914142
"115",115,70.5528043806553,0.102524980902672,0.338980749249458,0.656403586268425,0.304460987448692,2.70785825919286
"116",116,71.3356257823256,0.128273889448553,0.603075746106218,0.183578731299118,0.565153585649452,2.81475121414234
"117",117,59.0664104014573,0.255123606830217,0.551553025789259,0.463274323376972,0.357448755771339,2.9494318033665
"118",118,67.4910371303558,0.198166072368622,0.532469183206558,0.318316444754601,0.358275458216667,2.95552150572741
"119",119,70.6217925769705,0.100731312162921,0.533970622468349,0.461469744105125,0.918799402663316,2.70104196519747
"120",120,80.3374242186546,0.0609645247459412,0.560233667492867,0.182242587208748,0.372193112969398,2.59491299907909
"121",121,77.072565473447,0.145756124936879,0.397407078439774,0.635893303869076,0.645895042291556,2.93742644436832
"122",122,63.8189825415611,0.159102618694305,0.683331087231636,0.76242196559906,0.454658776521683,2.81157707983958
"123",123,66.8396635502577,0.149112701416016,0.631705537438393,0.640604600310326,0.394358709454536,2.82358314847264
"124",124,73.4903742074966,0.153627082705498,0.359666526317596,0.513257324695587,0.611712247133255,2.91892870117773
"125",125,69.8686308968696,0.120221571670747,0.45922294012697,0.60980720450701,0.136188004858873,2.76854686758777
"126",126,53.3486521484335,0.260579210780355,0.440139314138046,0.251890819347659,0.646771236774953,2.87018666732722
"127",127,52.2428949177265,0.281994894146919,0.542773500084877,0.198189601302147,0.0294328927993774,2.88629571366399
"128",128,75.0780572444201,0.135173425078392,0.706062465906143,0.544894516468048,0.37158414721489,2.88191737042817
"129",129,91.3115042448044,0.051931768655777,0.503878772258759,0.525403693318367,0.516203746199608,2.63648410835889
"130",130,64.9417265942727,0.194099115606064,0.383816131111931,0.281577347676656,0.387471413591386,2.91307121848097
"131",131,68.6298109441996,0.174636885523796,0.415712922811508,0.322889670729637,0.735081419348717,2.91516158262408
"132",132,89.7868257844327,0.0700982457221125,0.410530129372351,0.36909674710019,0.518590329703508,2.75213238606577
"133",133,62.0035820461363,0.147309699804623,0.47177140902755,0.595482224196861,0.45484732865148,2.75306490470658
"134",134,67.6214336812831,0.172656949915745,0.233911347299332,0.563796337692864,0.366417367364509,2.897352813095
"135",135,84.4261443941192,0.129309123644702,0.253647036647438,0.459612653002284,0.803691122388567,2.96458308080772
"136",136,72.3552933633327,0.163597196340561,0.240584775805473,0.355286106467247,0.63160140812397,2.93271647404761
"137",137,96.5894543133909,0.104820958608761,0.0725902626290917,0.606323247309774,0.0910091360565275,2.99030755211016
"138",138,59.8984058505676,0.210796159986071,0.351015605950636,0.64679454943166,0.530871685849596,2.87869322346031
"139",139,72.4562829239074,0.174046959670514,0.662601385724342,0.583227892574249,0.761300693603891,2.96081854233956
"140",140,71.1068487603697,0.162916068531188,0.184910509261524,0.927443998452872,0.391551078726979,2.91578678611191
"141",141,61.6673049733506,0.222270789319902,0.526072048000032,0.316802735428947,0.144320589465859,2.92699232976985
"142",142,106.768337350269,0.0893102163495496,0.0181809142231941,0.0370483272708952,0.64120231824927,3.00778610087675
"143",143,64.5526386005694,0.194761615141454,0.346735233609474,0.275024303060628,0.329680094235108,2.90933136511456
"144",144,66.1211142390966,0.143799901008606,0.574404314160347,0.35909566283226,0.534468099474907,2.7984389140178
"145",145,69.9038859307766,0.164600104093552,0.276234984397888,0.476199522614479,0.654540359973907,2.90543274289324
"146",146,59.5465742192543,0.195787823495296,0.0567011091535477,0.616658293328707,0.427069207518885,2.84149924069722
"147",147,84.6717140078545,0.128622993826866,0.345847710967064,0.337748184800148,0.703024417161942,2.96479531654693
"148",148,71.323567956686,0.12926010787487,0.588064178824425,0.490964666008949,0.47574557363987,2.81793063522805
"149",149,68.6476993977246,0.162688894279133,0.183502097846808,0.528609962004592,0.560462800021224,2.8846098819277
"150",150,63.8073989897966,0.214003726840019,0.7165457457304,0.452829927206039,0.747928395867348,2.94016341985967
"151",151,85.8587215228526,0.110176614080618,0.71102905007655,0.243590648229817,0.65298712377612,2.90965825629687
"152",152,63.8966793119907,0.192260503768921,0.416703209280968,0.484883472323418,0.524166271090508,2.89484665315987
"153",153,70.4679248183966,0.159356638789177,0.150537088513374,0.364580497145653,0.610572025179863,2.89835312551564
"154",154,91.0775095471366,0.119864083769453,0.368172195394536,0.295811929367938,0.581184556685732,2.99751136325948
"155",155,68.2056475131446,0.173345769108502,0.2768719441795,0.784856775478829,0.310795518581967,2.90655391873894
"156",156,62.7575090529217,0.218089446752359,0.758582643845632,0.207618522404259,0.0221497338411358,2.93396604559027
"157",157,94.8895620816165,0.0973360242715465,0.620408187979569,0.734835153818632,0.537998517697264,2.94271048805367
"158",158,74.7664625161078,0.150989892140164,0.307965195640175,0.285439357657784,0.507108461500473,2.92636154091722
"159",159,68.5899642318805,0.139564228120886,0.570744588039815,0.47068659993345,0.360118573993752,2.81729527076455
"160",160,86.8040748536587,0.107833191752434,0.610590443015099,0.866625756025314,0.493068248033524,2.90983268565478
"161",161,68.9318183584677,0.164736208616565,0.113930526569357,0.481063595856628,0.381586856972204,2.89362853640384
"162",162,79.3385823220015,0.14151805639267,0.378378704190254,0.516421020030975,0.761789098381996,2.94978072719924
"163",163,70.5334133803844,0.159391656517982,0.231585115194321,0.6686000674963,0.363456934690475,2.89925538720066
"164",164,70.2933432972964,0.189665064887394,0.534273613093825,0.522514021968079,0.559861266024226,2.97181574345119
"165",165,73.3628679811954,0.158726349473,0.413229867815971,0.477254822850227,0.779500797390938,2.9316016298975
"166",166,95.9005589336157,0.0465920567512512,0.26945124566555,0.430035144090652,0.788348883390427,2.63195415900817
"167",167,87.1004655224498,0.0617766607564263,0.437900481832025,0.697967560445456,0.565913569489624,2.67086538181241
"168",168,66.6825042515993,0.178254067897797,0.12487904727459,0.737387135624886,0.833303481340408,2.89906325223281
"169",169,56.9565047498467,0.23473339000526,0.337541853191676,0.525413756718374,0.296797498367223,2.88166153105581
"170",170,73.5128469944218,0.117758030145769,0.511337249036373,0.835482954714701,0.610354154443293,2.80371701691646
"171",171,65.0898770242929,0.15779060125351,0.73875667154789,0.545909658074379,0.410153567790985,2.82510803307393
"172",172,66.2411644309759,0.181860014796257,0.349840477108955,0.433263674378395,0.746845230460167,2.90199313840459
"173",173,66.935498461428,0.183625357808979,0.369486056035385,0.818012195406482,0.33935414886896,2.91524565881825
"174",174,69.3453952649724,0.136743919810364,0.504596881864538,0.742502422579856,0.227966338928824,2.81794328085094
"175",175,69.2148893824975,0.185892473877879,0.41496624538127,0.323891468346119,0.323589050831432,2.94966086540506
"176",176,81.5431103408337,0.119172126054764,0.728323593735695,0.898659214377403,0.556216046214104,2.89894923321532
"177",177,55.5835987478495,0.327363714575768,0.405288606882095,0.317807793617249,0.640336319804192,3.00492386327689
"178",178,63.8907252252102,0.200011238455772,0.528210610151291,0.47238264977932,0.653349310159683,2.91193003467014
"179",179,85.1454345921103,0.112765092116517,0.598854545812448,0.59725683318956,0.432816787893403,2.91249741204064
"180",180,65.3493023216724,0.15274852514267,0.600323483347893,0.622488960623741,0.424479752779007,2.81445893632657
"181",181,83.4933959245682,0.133664935827255,0.360820844769478,0.698213785886765,0.858446210622787,2.96932174513881
"182",182,70.0574253558108,0.161415175684933,0.32418666498388,0.564683086194307,0.642845708411187,2.89885270862576
"183",183,66.5173812508583,0.15040422976017,0.690422400832176,0.609184131026268,0.576359510421753,2.82313033586861
"184",184,95.5681643038988,0.0582543164491653,0.332923069596291,0.333713367581367,0.464039787650108,2.72595459876628
"185",185,62.4392869029426,0.17298059282686,0.995420105056837,0.801948628705489,0.461034716935107,2.82891325014717
"186",186,75.262308985374,0.135321534661589,0.81146741655838,0.538929002472587,0.694503550714003,2.88452199038089
"187",187,69.8567053228617,0.16587832570076,0.365594044327736,0.528037846088409,0.550926119089127,2.90820584113892
"188",188,75.7160854969352,0.10629774818915,0.261438570890825,0.786230557979587,0.460830875544652,2.78490037043681
"189",189,96.6156456424526,0.0464270493844148,0.403451499529183,0.599969268481466,0.631428193766624,2.63686600434079
"190",190,65.9594203911716,0.188889517247295,0.477166618800956,0.399183336229852,0.76274448139725,2.91476151804113
"191",191,76.1287618875504,0.1287771910429,0.669283926486969,0.509132847189903,0.408388510346413,2.87293648128783
"192",192,57.6127052903175,0.212666407227516,0.185940951108932,0.763874053955078,0.680842936038971,2.84873543148899
"193",193,95.5035519725198,0.0908746168799033,0.522550119141745,0.551208066449992,0.417153886915574,2.91848164128939
"194",194,61.5395040067704,0.218465380014886,0.58181658558441,0.404370511714473,0.12912005581893,2.91769060779522
"195",195,64.5541718054893,0.180835781268043,0.206168316273241,0.746099367504939,0.63571181693136,2.87713299426552
"196",196,70.5595696571824,0.0823895764503813,0.45245220602196,0.553176323479726,0.441173874920187,2.61298411697515
"197",197,68.2298354357481,0.143213286995888,0.693054974079132,0.363411203026772,0.504202827811241,2.82393196027722
"198",198,64.878955245018,0.19693711400032,0.365007981657982,0.495005771517754,0.276242062449455,2.91853526480327
"199",199,73.0970261991024,0.0986119955778122,0.710509479045868,0.359596878290176,0.689211755990982,2.72172916545577
"200",200,68.0456005321663,0.172724768195033,0.201116839695932,0.722758566948607,0.530531762686326,2.90295472104809
"201",1,82.6455366760492,0.142836079001427,0.651802465319633,0.601194962859154,0.83201377093792,2.98927672824099
"202",2,64.2273441170117,0.208587663513515,0.703532895437953,0.574708038121196,0.750733664388386,2.93472854690404
"203",3,86.5010709762573,0.109448865056038,0.700834691524506,0.36840645968914,0.612974315881729,2.9132542315167
"204",4,65.2141618132591,0.19133760035038,0.431666404008865,0.353603422641754,0.768797025084496,2.91048415645423
"205",5,65.0271352082491,0.198378250002861,0.343350514769554,0.513840869069099,0.362947702407837,2.92368329769361
"206",6,64.5674171000719,0.202018603682518,0.454689636826515,0.629604384303093,0.364301458001137,2.92541819222808
"207",7,63.1838163882494,0.179909005761147,0.213417083024979,0.713629841804504,0.320133283734322,2.8562646121787
"208",8,62.6023871600628,0.168613448739052,0.733721479773521,0.656194001436234,0.488000154495239,2.82007399950163
"209",9,69.6624331702142,0.0726298332257645,0.646115400996,0.762348191161402,0.391693142824257,2.54711232578484
"210",10,81.0746766477823,0.141430795192719,0.272556513547897,0.499742925167084,0.494084790349007,2.96831443367699
"211",11,74.6776457101531,0.156611917956161,0.556837391038774,0.686324389886662,0.724865010554919,2.94120604402727
"212",12,70.5926548689604,0.179290547966957,0.5102469176054,0.537391662597656,0.438613414764404,2.95107642510977
"213",13,73.3059965602412,0.123767539390381,0.586638733140122,0.737042352182141,0.454416499764717,2.82288576116662
"214",14,86.0905621716696,0.0996072017760156,0.573153618187955,0.719465417113135,0.56550934817642,2.86820182735756
"215",15,62.6211015162102,0.218613950985691,0.72825148736407,0.655087006397837,0.912128369132026,2.93311927860049
"216",16,65.9969254136086,0.184254467487335,0.367453187704086,0.15603019297123,0.742688775062561,2.90446543392395
"217",17,70.7113460775968,0.132299035083889,0.576647752162102,0.390563553072143,0.228069246869345,2.82053488600138
"218",18,75.4332909286022,0.123284518718719,0.573845267295837,0.671715721487999,0.442828983068466,2.84603465429054
"219",19,98.5015927553177,0.0857630521059036,0.518650531768799,0.809888377785683,0.667681723833084,2.92018673420207
"220",20,78.5580994784832,0.0633920729160309,0.587241813540459,0.488315969705582,0.430859923362732,2.59241688982271
"221",21,73.1832972408453,0.116245137748981,0.50682252337392,0.915738621690799,0.517201450291627,2.79419874153284
"222",22,61.05852816053,0.225279221571982,0.448849023483609,0.349178184945253,0.175387977966566,2.92421379931119
"223",23,64.0797041505575,0.438061222434044,0.414200872182846,0.244089543819427,0.779999554157257,3.25497580672405
"224",24,62.2405289113522,0.168275758624077,0.665993496775627,0.674179345369339,0.509281694889069,2.81416810627085
"225",25,73.7866341173649,0.119095787405968,0.402035906910896,0.65824918448925,0.416780605912209,2.81185179978492
"226",26,70.155112023929,0.161561327804767,0.232547244293347,0.244926536968987,0.498519826500652,2.90045605869213
"227",27,46.3826416730881,0.376670807600021,0.668837755918503,0.665092989802361,0.349033087491989,2.90867292276546
"228",28,67.3203104585409,0.178852215409279,0.326923862099648,0.215539067983627,0.457537949085236,2.90878654429947
"229",29,68.533723294735,0.140945851802826,0.662216931581497,0.430285111069679,0.359311267733574,2.82086095216343
"230",30,76.5712634742254,0.146285162242582,0.266631272729758,0.290996947058748,0.795751510165422,2.93333190428413
"231",31,77.4008792271286,0.125106600096402,0.684904501218209,0.553088475697708,0.437983761258948,2.874772009909
"232",32,70.4458368271589,0.165509164333344,0.37160237133503,0.395375072956085,0.643194273114204,2.91453271087273
"233",33,66.0551380943222,0.110161664371379,0.541559393166765,0.923078153282404,0.666744549907384,2.68184369847352
"234",34,60.3396804571547,0.237784898314885,0.63361747383706,0.813374090008438,0.705483353680592,2.93739028105241
"235",35,74.303462266922,0.119106531143188,0.515126824378967,0.676330074667931,0.438542723655701,2.81795367794424
"236",36,75.411139466064,0.154616566568849,0.44391505179571,0.896308545833532,0.593840936202906,2.94412703115233
"237",37,62.7828773224909,0.230797145810051,0.802931786285733,0.690366909946006,0.22415082232185,2.95891286458484
"238",38,58.2986888291543,0.210102720583173,0.144350834469747,0.311537409454714,0.35019760533988,2.85374925072048
"239",39,65.6987341046333,0.180327326059341,0.395750984549522,0.530328288674355,0.594511106610298,2.891175546052
"240",40,66.6420290470123,0.180782824754715,0.380942568182945,0.349118202924728,0.612486824393272,2.90465359110789
"241",41,59.1460102945566,0.240653172135353,0.596707567572594,0.40178656578064,0.404028549790382,2.92524249971084
"242",42,69.8787039518356,0.178572177886963,0.606146931648254,0.383368417620659,0.0184144675731659,2.94050347831634
"243",43,83.1678033707174,0.0794905168039799,0.325359167465395,0.572084082337441,0.260554232636926,2.74022578262359
"244",44,62.5892093032598,0.216780707240105,0.51973669230938,0.382269263267517,0.360223382711411,2.92901955901658
"245",45,87.3824245035648,0.0625573098659515,0.352903753519058,0.378354519605637,0.409482106566429,2.67912624547186
"246",46,76.4279789281676,0.131546454778247,0.816965727260733,0.516529563942324,0.621788398539378,2.88558389858463
"247",47,66.0208958382152,0.16069335167659,0.776678980537208,0.744595613170134,0.500914309263328,2.84536073514578
"248",48,102.78013562311,0.0780619948590174,0.123751223785803,0.372220267541707,0.137290630955249,2.91625801823972
"249",49,66.4435513019562,0.187425941228867,0.484386965632439,0.363246560096741,0.829340204596519,2.91773537399008
"250",50,59.9516352415085,0.235075399279594,0.452535361051559,0.6695946007967,0.397091910243034,2.92680924927346
"251",51,94.3262289652026,0.0486028808223221,0.594611336947344,0.784981037789698,0.667130173350139,2.63592695637894
"252",52,64.152281090999,0.202134666556829,0.560202494457926,0.392743197300429,0.776365680534749,2.92006500917072
"253",53,84.3913633287786,0.109010555132249,0.615586412767039,0.51173350575935,0.45924840744359,2.89006455707465
"254",54,78.3631197214127,0.126441419124603,0.677534013986588,0.417217090725899,0.422875583171844,2.89011279634046
"255",55,65.3204831023021,0.187851343655949,0.422520885365997,0.912117273835486,0.739703442782768,2.90391308194631
"256",56,63.9111652741907,0.148330463438692,0.41682290598903,0.624118897420229,0.704715351861315,2.78238382560046
"257",57,68.932379335165,0.193618416786194,0.787260338664055,0.540122285485268,0.824380338191986,2.96379320312857
"258",58,99.8277788758278,0.0925776362419128,0.653855800628662,0.769507840275764,0.310886666178703,2.96500890459138
"259",59,47.0585832249201,0.380391139731622,0.776157046268286,0.454168793412026,0.605337686339524,2.92550808836225
"260",60,79.9518427826199,0.151326689085109,0.47080145052215,0.242622838982195,0.0156090549853293,2.98557248634404
"261",61,68.2577370107174,0.0755176693201065,0.590907454490662,0.712664529681206,0.418440133333206,2.54635234950935
"262",62,99.9555516391993,0.0581117272377014,0.515867069363594,0.50538344681263,0.185812339186668,2.76387762465358
"263",63,68.9187838593953,0.174444217905521,0.395686328757119,0.225433211795039,0.681524115620431,2.91833178955094
"264",64,66.9694859683514,0.180801495909691,0.405559867620468,0.33197683095932,0.624730825424194,2.90895595035405
"265",65,66.084541615152,0.146875900994491,0.588119117330398,0.611503090828067,0.475687336777594,2.80715030761839
"266",66,81.4780916422606,0.111247584223747,0.470825716853142,0.179656729102135,0.675956606864929,2.86837228595383
"267",67,75.9615453714207,0.15204660082756,0.276310758921055,0.56046802222404,0.39815732742319,2.943164298443
"268",68,71.0991195738316,0.158635422587395,0.125622719526291,0.272643759846687,0.762498587369919,2.90412861556351
"269",69,78.14052951739,0.123507777301737,0.690621683232636,0.5445458991258,0.443420159789124,2.87744700580944
"270",70,59.5512214899063,0.160411164164543,0.496937990188599,0.77387760579586,0.371994078159332,2.75501593862706
"271",71,93.1191149850842,0.100860439229291,0.7382199508138,0.306130186654627,0.687354189809412,2.9417985345827
"272",72,70.6571796536446,0.148324280977249,0.806595802307129,0.566134080290794,0.519608587026596,2.86952484807288
"273",73,60.1424851520456,0.210450184876781,0.340152333461767,0.66790102305087,0.484087430422509,2.88151205090317
"274",74,70.2723245262598,0.158038928591432,0.168976884694657,0.546302444069173,0.636042970935115,2.89233271622099
"275",75,90.3862430602312,0.106118619441986,0.775599285960197,0.527356371283531,0.643982842564583,2.9379962616551
"276",76,77.9652705537516,0.109711608760241,0.456624034833044,0.577996297450341,0.483657627335852,2.8240549640179
"277",77,78.9360454231501,0.120640754699707,0.57727175951004,0.586078375577927,0.370495602488518,2.87604477558821
"278",78,84.5284816818873,0.119708901641136,0.844160502193318,0.461052169849972,0.415203926717236,2.93213258237763
"279",79,70.079651594162,0.173069089651108,0.493839681148529,0.450484901666641,0.849530532956123,2.92940337736172
"280",80,63.0377226620913,0.188387677073479,0.184333026409149,0.780077934265137,0.414872661232948,2.87425352143073
"281",81,64.0038911253214,0.200714692473412,0.428121224045753,0.497488707304001,0.741451993584633,2.91499191990683
"282",82,69.6236353749658,0.172834759557308,0.400913277791735,0.416032647370275,0.688037991432746,2.92314448196149
"283",83,66.8193456040767,0.166836640882866,0.221476861003858,0.513648235173877,0.510554013182631,2.87209587321455
"284",84,87.4024277665328,0.113771386748805,0.719199777724614,0.662567010525592,0.40679990983339,2.93908004398667
"285",85,85.5921055735177,0.1175749360308,0.795818261309454,0.535661675699675,0.474815200543917,2.93518217151399
"286",86,58.4642589539289,0.185523971915245,0.862287864089012,0.844520136713982,0.504645392298698,2.80218093218374
"287",87,69.2219219058752,0.134824216365814,0.486873939633369,0.588523238897324,0.416854739189148,2.81025521084436
"288",88,85.8396492600441,0.124103114008904,0.225251883268356,0.940749987959862,0.547446757555008,2.96115854787721
"289",89,59.0124740293226,0.207088538055803,0.239811624382184,0.538426558215383,0.455661131420075,2.8580437068345
"290",90,73.4576148986816,0.166498094797134,0.605810552835464,0.442240163683891,0.720249071717262,2.95348291452001
"291",91,63.5779211223125,0.206862568855286,0.442953065037727,0.573926508426666,0.325554877519608,2.92229455993244
"292",92,105.487684592605,0.0935059040784836,0.139079958200455,0.246535688638687,0.034023717045784,3.01724255335782
"293",93,62.0066810697317,0.260165125131607,0.758410453796387,0.5290746986866,0.390674114227295,3.00012605179328
"294",94,67.0965716618756,0.178191816690031,0.374275471661223,0.345517660043048,0.575341359283944,2.90428841596485
"295",95,91.8604757487774,0.0892940312623978,0.245612666010857,0.540803551673889,0.577614396810532,2.87707981066665
"296",96,62.7598887749741,0.211069920339298,0.421603652615779,0.692834694736213,0.447944964417322,2.91979067672383
"297",97,64.3284153789282,0.184728994965553,0.392959520220757,0.722204968333244,0.656537801027298,2.88334077427602
"298",98,96.7100531290785,0.0957010928500331,0.732218059602035,0.615481412427844,0.67029114474443,2.95186014094331
"299",99,59.2553943395615,0.213286548852921,0.368038088083267,0.633082315325737,0.584553420543671,2.87441925238408
"300",100,65.1527196325707,0.187998111153075,0.282500363606663,0.509441826067311,0.51480813324089,2.90201858372427
"301",101,70.3533211070073,0.142351573470592,0.605884544312587,0.512104175510033,0.344903549822263,2.84793147916571
"302",102,63.7274581640959,0.203744813799858,0.449300229549408,0.466996893286705,0.3832176476717,2.91773975592822
"303",103,61.2075536698103,0.223703891038895,0.622125536203384,0.574735343456268,0.762056693434715,2.92328358226864
"304",104,64.169985935092,0.190222188830376,0.383875459432602,0.347012147307396,0.591503575444221,2.89392506286851
"305",105,98.0054633170366,0.0938025414943695,0.577754527330399,0.591125220060349,0.366323933005333,2.95471517760006
"306",106,60.4550376683474,0.201108857989311,0.33406475186348,0.4768286049366,0.465044781565666,2.86629619205187
"307",107,70.522833466235,0.132412031495659,0.593577795799563,0.598334704266326,0.471858310835101,2.81858695478036
"308",108,59.7096443474293,0.226461097598076,0.367138653993607,0.731405362486839,0.32043981552124,2.90708257664015
"309",109,58.0848131692132,0.231713879342843,0.472604537174972,0.205146307305676,0.439431399382404,2.89307724177125
"310",110,80.4167799371101,0.0667908625914522,0.330178815833052,0.534597944331554,0.595839886969338,2.63541041037023
"311",111,96.8209560960531,0.100640118122101,0.0549054741859436,0.383507952094078,0.651169613003731,2.97470987170678
"312",112,71.9114107340574,0.069871261715889,0.54683156311512,0.743483707308769,0.294834479689598,2.5578942030568
"313",113,82.7498672008514,0.0753530114889145,0.683277636766434,0.546200066804886,0.612773045897484,2.71263522457232
"314",114,70.1411785706961,0.167813411846212,0.34086050390899,0.46760540616534,0.442004710379839,2.91677278517924
"315",115,70.5550195723772,0.169448554515839,0.473758518695831,0.167741671204567,0.593083024024963,2.92609370177866
"316",116,64.3515073448925,0.153759236404353,0.618852635989628,0.722035232698959,0.467947039463794,2.80395866175841
"317",117,64.1236683968418,0.2009666755195,0.49046118887778,0.403945348742886,0.899508688265537,2.91716076743569
"318",118,64.9306802991405,0.199705783943716,0.599109001286169,0.790462712487125,0.679790389888781,2.92529054950325
"319",119,65.8541958481073,0.189113289117813,0.428575947880745,0.223413273692131,0.576339915394783,2.91388894990114
"320",120,74.1784764677286,0.119201451539993,0.647236913442612,0.728070452809334,0.726269021630287,2.81683736237495
"321",121,74.5131112635136,0.10667122900486,0.525064036250114,0.328471228480339,0.469997495412827,2.77251269393005
"322",122,99.5982608050108,0.0961177051067352,0.820317521691322,0.607411548495293,0.552197396755219,2.97930690269036
"323",123,65.3077825754881,0.181871399283409,0.274708852171898,0.43281152844429,0.68802547454834,2.88969428461982
"324",124,74.1981562823057,0.15478952229023,0.421266689896584,0.576668635010719,0.611417040228844,2.9305277875657
"325",125,71.5369153916836,0.0700511336326599,0.659449726343155,0.379424780607224,0.788533091545105,2.55447558748421
"326",126,67.5394488512093,0.146766338003933,0.689396611407281,0.576553487065578,0.484297588300176,2.82574148279503
"327",127,72.6279992307306,0.162851558379088,0.250214623026325,0.571436446984002,0.475778133921849,2.93400007943112
"328",128,71.7462024688721,0.127243027091026,0.563254028558731,0.714620605111122,0.560306057333946,2.81623182991249
"329",129,73.3638646006584,0.161966219544411,0.30139571428299,0.398121774196625,0.241091400384903,2.94038884677249
"330",130,68.562342569232,0.15011265873909,0.730561196804047,0.766515746712685,0.374410003423691,2.84858861249715
"331",131,67.7597063779831,0.175116792321205,0.363732099533081,0.566918566823006,0.49427717924118,2.90527082431196
"332",132,69.1351194255989,0.161009257937295,0.0295604415291602,0.551263385565891,0.3508706803182,2.88624828320847
"333",133,88.1649750580109,0.0677465808244456,0.611290311561998,0.661773763926439,0.599009927686769,2.72147955919285
"334",134,68.0401523113251,0.176102504134178,0.379979953169823,0.421205878257751,0.718050792813301,2.91129608583521
"335",135,68.7704679965973,0.100677296519279,0.353087738156319,0.373608455061913,0.400153681635857,2.67773550457554
"336",136,58.8822737783194,0.237087905406952,0.491342335939407,0.349055960774422,0.376720651984215,2.91487854427739
"337",137,71.4711012522591,0.177424267917933,0.573828504779101,0.387458501198266,0.542846426870914,2.95727396976776
"338",138,84.6195443255879,0.0635060307686318,0.304152590090639,0.605906755646854,0.439746197545901,2.65775633413834
"339",139,82.5018310919247,0.058116467945644,0.501478953000359,0.769642862506009,0.472697264921498,2.59722638725101
"340",140,57.0454799979925,0.23176945745945,0.406290382146835,0.275228247046471,0.449574768543243,2.87749868168022
"341",141,70.1224659323914,0.154745578383661,0.144693338597576,0.379154734789271,0.375129848971585,2.88133260882553
"342",142,87.180673166588,0.120253866652997,0.221862787097376,0.396603675348065,0.651357514610922,2.96093948582095
"343",143,71.7657133191824,0.177865698933601,0.455065384507179,0.662565320730209,0.366798162460327,2.96192621508879
"344",144,57.3021650202759,0.249571639491418,0.644357504400214,0.476868917365997,0.552266601254478,2.91353729403914
"345",145,79.561350985296,0.137074508669272,0.176864636970261,0.710249152089452,0.564222088214501,2.93836099590741
"346",146,85.752429167836,0.0751563614088297,0.457548222218923,0.605969508588585,0.37726553071828,2.74245860906449
"347",147,67.5756399706907,0.202270393329915,0.531647584362561,0.429702768673426,0.522874604798195,2.96551265367786
"348",148,78.5711287558079,0.0899448394775391,0.835984885692596,0.155302748084068,0.626749619841576,2.74450223561455
"349",149,59.5423986194503,0.207033888773618,0.210444126498585,0.253836989855122,0.326135520741222,2.86569409143362
"350",150,72.4601588249207,0.125005602836609,0.556147396564484,0.3400789052248,0.508178293704987,2.81712804207324
"351",151,84.7618828151748,0.106078457171833,0.60568790049675,0.496962992418193,0.533331617506605,2.88202838488622
"352",152,86.0363863557577,0.0564154237508774,0.786554947495461,0.445021852850914,0.747789353132248,2.62076217687805
"353",153,85.9649089563864,0.113137349795231,0.791694703203185,0.665983013343066,0.587398345075681,2.92224841644301
"354",154,82.3810471147299,0.103889614343643,0.503701463341713,0.599506348371506,0.466124057769775,2.84822674971626
"355",155,60.5965875536203,0.160655409097672,0.755929872393608,0.0301037579774857,0.33904755115509,2.7707916882149
"356",156,64.7738959756499,0.143651554162679,0.623545324506517,0.631215154423211,0.630394079954307,2.78011036794416
"357",157,82.4919013828039,0.0865573585033417,0.414273679256439,0.589402511715889,0.656346887350082,2.7701266223003
"358",158,58.6338414847851,0.246814593672752,0.563063502311707,0.234062910079956,0.421298488974571,2.92866753227198
"359",159,86.6233512657672,0.0533659043641645,0.49613818712882,0.753791979313761,0.766634305930074,2.60253383680943
"360",160,79.511955216527,0.120175644755363,0.534373164176941,0.333203390240669,0.234496474266052,2.88068132681632
"361",161,84.8077172082626,0.135114108387921,0.510745457044938,0.519317434958342,0.0347849867516104,2.98757144638339
"362",162,65.2320117219607,0.0940532106246633,0.476930720380288,0.586115662241355,0.288875013788168,2.60229516962645
"363",163,78.496396666998,0.142918603557628,0.306376330088824,0.425274056382477,0.457018887624145,2.94478820642334
"364",164,73.8139577075122,0.161509095001931,0.547341513551046,0.657574306838176,0.891393993479355,2.94447396694654
"365",165,76.3629195094109,0.121545180678368,0.470813110470772,0.179618045687675,0.450353741645813,2.85050279154441
"366",166,102.459169477224,0.100899502635002,0.0887261778116226,0.537050426006317,0.362691134214401,3.02499068789218
"367",167,58.4529744535685,0.217240393161774,0.291186437010765,0.0668275952339172,0.464147478342056,2.87055381147649
"368",168,60.7986358223052,0.208707674471568,0.418905305397259,0.716362594642215,0.711845959034556,2.88732608865202
"369",169,56.8129515110563,0.307829421681213,0.374824100446602,0.426121889993967,0.700871642284609,2.99720483054119
"370",170,75.5636826455593,0.133092388510704,0.806733995676041,0.602879106998444,0.604858979582787,2.88077944987672
"371",171,61.251364633441,0.228062316775322,0.423668429255486,0.689056813716888,0.341974303126335,2.93228506958265
"372",172,65.0704255421696,0.159887113032223,0.727126414234752,0.575558552819183,0.420980463102379,2.83058075465338
"373",173,71.7854596066012,0.10703451382901,0.221405840919102,0.612665989650546,0.423170626721511,2.74159681135418
"374",174,73.2046033407089,0.160552794726866,0.338180235820779,0.544168858115813,0.36715496351923,2.93469465318961
"375",175,85.9276197030202,0.113617538148943,0.778153391406764,0.10337372681355,0.478208651067689,2.92371093777667
"376",176,66.4184101903456,0.182225818078473,0.23579601025056,0.570858974187377,0.271852845333145,2.90518686059711
"377",177,63.6239419281483,0.204382225871086,0.566106915473938,0.51194940507412,0.733518943190575,2.91768427072186
"378",178,75.0804589762709,0.151503298508514,0.347508159924615,0.269780603740973,0.329219819798564,2.93147592604788
"379",179,87.7012495398521,0.0726332515478134,0.399608433246613,0.280574083328247,0.676877796649933,2.74714704871135
"380",180,65.4144793450832,0.13042651116848,0.429219096899033,0.766175344586372,0.476840689778328,2.74671365542199
"381",181,72.0997950434685,0.144812807440758,0.864520728588104,0.488581731915474,0.597345843911171,2.87667503347498
"382",182,64.3285243064165,0.123634785413742,0.236131325364113,0.625421449542046,0.540424406528473,2.70894785702772
"383",183,67.154792358634,0.188334476599982,0.571026505893442,0.642188256445639,0.845281320303972,2.92908385067293
"384",184,81.0210175961256,0.124176159501076,0.788223162293434,0.523827716708183,0.396931037306786,2.91123361087496
"385",185,56.3793421238661,0.260534226894379,0.462082207202911,0.553477346897125,0.373288720846176,2.91810479329241
"386",186,70.9545026439014,0.133280289940115,0.651742687704583,0.0673579215348396,0.480292937497261,2.82672584924947
"387",187,90.9451361508727,0.0972464735451559,0.490719316840173,0.513857268651532,0.435942353057513,2.9054328163531
"388",188,65.8980385810137,0.186115711927414,0.485945820808411,0.538487017154694,0.670355632901192,2.90752801440812
"389",189,64.3372576981783,0.203869670629501,0.456150352954865,0.699127197265625,0.0370050072669983,2.92627771258853
"390",190,68.3949110243783,0.143180307664452,0.662513125391854,0.534695928315224,0.438519028256336,2.82593086910942
"391",191,69.4860056360051,0.16245943560426,0.376927911040483,0.738967809563345,0.63163029501083,2.89453963457611
"392",192,85.9713030159473,0.0607104301452637,0.220538780093193,0.0085236132144928,0.67729052901268,2.65197032820814
"393",193,71.6893598563777,0.176068590342215,0.668920427982765,0.762406860361622,0.761866401166725,2.95659129197617
"394",194,88.2831694605127,0.127734876949145,0.390604826305667,0.274401667241935,0.827812659633471,2.99806532677759
"395",195,83.6856001913548,0.114244639873505,0.688962489366531,0.5412657558918,0.516437605023384,2.90313730346087
"396",196,72.9304267697261,0.105287949378033,0.287755260986965,0.47913763809941,0.387915387285048,2.74819617720542
"397",197,76.1571266897996,0.0768752090334774,0.613808488110456,0.671737305892175,0.376792349994768,2.64920741031634
"398",198,70.45805821053,0.17587751036197,0.399566940606431,0.480721999528027,0.583482851090207,2.94107164946111
"399",199,67.5418562059343,0.176904274407617,0.324919706676155,0.380423592015734,0.756291835120518,2.90688431032819
"400",200,80.2321000993252,0.126131609082222,0.853620424866676,0.618521690368652,0.635933175683022,2.90952025641451
